Company,Ticker,Country
DNB ASA,DNB.OL,NOR
8TRA,8TRA.ST,SWE
AAK,AAK.ST,SWE
ABB Ltd,ABB.ST,SWE
AcadeMedia,ACAD.ST,SWE
AddLife B,ALIF-B.ST,SWE
Addnode Group B,ANOD-B.ST,SWE
Addtech B,ADDT-B.ST,SWE
Africa Oil,AOI.ST,SWE
AFRY,AFRY.ST,SWE
Alfa Laval,ALFA.ST,SWE
Alimak Group,ALIG.ST,SWE
Alligo B,ALLIGO-B.ST,SWE
Ambea,AMBEA.ST,SWE
Annehem Fastigheter B,ANNE-B.ST,SWE
AQ Group,AQ.ST,SWE
Arion Banki SDB,ARION-SDB.ST,SWE
Arjo B,ARJO-B.ST,SWE
ASSA ABLOY B,ASSA-B.ST,SWE
AstraZeneca,AZ.ST,SWE
Atlas Copco A,ATCO-A.ST,SWE
Atlas Copco B,ATCO-B.ST,SWE
Atrium Ljungberg B,ATRLJ-B.ST,SWE
Attendo,ATT.ST,SWE
Autolib SDB,ALIV-SDV.ST,SWE
Avanza Bank Holding,AZA.ST,SWE
Axfood,AXFO.ST,SWE
Bactiguard Holding B,BACTI-B.ST,SWE
Balco Group,BALCO.ST,SWE
Beijer Alma B,BEIA-B.ST,SWE
Beijer Electronics Group,BELE.ST,SWE
Beijer Ref B,BEIJ-B.ST,SWE
Bergman & Beving B,BERG-B.ST,SWE
Besqab,BESQ.ST,SWE
Betsson B,BETS-B.ST,SWE
Better Collective,BETCO.ST,SWE
BHG Group,BHG.ST,SWE
BICO Group,BICO.ST,SWE
Bilia A,BILI-A.ST,SWE
BillerudKorsn�s,BILL.ST,SWE
BioArctic B,BIOA-B.ST,SWE
BioGaia B,BIOG-B.ST,SWE
BioInvent International,BINV.ST,SWE
Biotage,BIOT.ST,SWE
Boliden,BOL.ST,SWE
Bonava A,BONAV-A.ST,SWE
Bonava B,BONAV-B.ST,SWE
BONESUPPORT HOLDING,BONEX.ST,SWE
Boozt,BOOZT.ST,SWE
Bravida Holding,BRAV.ST,SWE
Brinova Fastigheter B,BRIN-B.ST,SWE
BTS Group B,BTS-B.ST,SWE
Bufab,BUFAB.ST,SWE
Bulten,BULTEN.ST,SWE
Bure Equity,BURE.ST,SWE
Byggfakta Group Nordic HoldCo,BFG.ST,SWE
Byggmax Group,BMAX.ST,SWE
Calliditas Therapeutics,CALTX.ST,SWE
Camurus,CAMX.ST,SWE
Cantargia,CANTA.ST,SWE
Cary Group Holding,CARY.ST,SWE
Castellum,CAST.ST,SWE
Catella A,CAT-A.ST,SWE
Catella B,CAT-B.ST,SWE
Catena,CATE.ST,SWE
Catena Media,CTM.ST,SWE
Cavotec,CCC.ST,SWE
CellaVision,CEVI.ST,SWE
Cibus Nordic Real Estate,CIBUS.ST,SWE
Cint Group,CINT.ST,SWE
Clas Ohlson B,CLAS-B.ST,SWE
Cloetta B,CLA-B.ST,SWE
Collector,COLL.ST,SWE
Concentric,COIC.ST,SWE
Coor Service Management Hold.,COOR.ST,SWE
Corem Property Group A,CORE-A.ST,SWE
Corem Property Group B,CORE-B.ST,SWE
Corem Property Group D,CORE-D.ST,SWE
Corem Property Group Pref,CORE-PREF.ST,SWE
Creades A,CRED-A.ST,SWE
CTEK,CTEK.ST,SWE
CTT Systems,CTT.ST,SWE
Di�s Fastigheter,DIOS.ST,SWE
Dometic Group,DOM.ST,SWE
Duni,DUNI.ST,SWE
Dustin Group,DUST.ST,SWE
Eastnine,EAST.ST,SWE
Elanders B,ELAN-B.ST,SWE
Electrolux A,ELUX-A.ST,SWE
Electrolux B,ELUX-B.ST,SWE
Electrolux Professional B,EPRO-B.ST,SWE
Elekta B,EKTA-B.ST,SWE
Elos Medtech B,ELOS-B.ST,SWE
Eltel,ELTEL.ST,SWE
Enea,ENEA.ST,SWE
EnQuest PLC,ENQ.ST,SWE
Eolus Vind B,EOLU-B.ST,SWE
Epiroc A,EPI-A.ST,SWE
Epiroc B,EPI-B.ST,SWE
EQT,EQT.ST,SWE
Ericsson A,ERIC-A.ST,SWE
Ericsson B,ERIC-B.ST,SWE
Essity A,ESSITY-A.ST,SWE
Essity B,ESSITY-B.ST,SWE
Evolution,EVO.ST,SWE
Fabege,FABG.ST,SWE
Fagerhult,FAG.ST,SWE
Fasadgruppen Group,FG.ST,SWE
Fast. Balder B,BALD-B.ST,SWE
FING B,FING-B.ST,SWE
FMM B,FMM-B.ST,SWE
FNM,FNM.ST,SWE
FOI B,FOI-B.ST,SWE
FPAR A,FPAR-A.ST,SWE
FPAR D,FPAR-D.ST,SWE
G5EN,G5EN.ST,SWE
GARO,GARO.ST,SWE
GETI B,GETI-B.ST,SWE
GPG,GPG.ST,SWE
GREEN,GREEN.ST,SWE
GRNG,GRNG.ST,SWE
HEBA B,HEBA-B.ST,SWE
HEM,HEM.ST,SWE
HEXA B,HEXA-B.ST,SWE
HLDX,HLDX.ST,SWE
HM B,HM-B.ST,SWE
HMS,HMS.ST,SWE
HNSA,HNSA.ST,SWE
HOFI,HOFI.ST,SWE
HOLM A,HOLM-A.ST,SWE
HOLM B,HOLM-B.ST,SWE
HPOL B,HPOL-B.ST,SWE
HTRO,HTRO.ST,SWE
HUFV A,HUFV-A.ST,SWE
HUM,HUM.ST,SWE
HUSQ A,HUSQ-A.ST,SWE
HUSQ B,HUSQ-B.ST,SWE
IAR B,IAR-B.ST,SWE
IMMNOV,IMMNOV.ST,SWE
INDT,INDT.ST,SWE
INDU A,INDU-A.ST,SWE
INDU C,INDU-C.ST,SWE
INSTAL,INSTAL.ST,SWE
INTRUM,INTRUM.ST,SWE
INVE A,INVE-A.ST,SWE
INVE B,INVE-B.ST,SWE
INWI,INWI.ST,SWE
IPCO,IPCO.ST,SWE
IRLAB A,IRLAB-A.ST,SWE
ISOFOL,ISOFOL.ST,SWE
ITAB,ITAB.ST,SWE
IVSO,IVSO.ST,SWE
JM,JM.ST,SWE
JOMA,JOMA.ST,SWE
JOSE,JOSE.ST,SWE
K2A B,K2A-B.ST,SWE
K2A PREF,K2A-PREF.ST,SWE
KAR,KAR.ST,SWE
KFAST B,KFAST-B.ST,SWE
KIND SDB,KIND-SDB.ST,SWE
KINV A,KINV-A.ST,SWE
KINV B,KINV-B.ST,SWE
KLARA B,KLARA-B.ST,SWE
KNOW,KNOW.ST,SWE
LAGR B,LAGR-B.ST,SWE
LATO B,LATO-B.ST,SWE
LEO,LEO.ST,SWE
LIAB,LIAB.ST,SWE
LIFCO B,LIFCO-B.ST,SWE
LIME,LIME.ST,SWE
LINC,LINC.ST,SWE
LOGI A,LOGI-A.ST,SWE
LOGI B,LOGI-B.ST,SWE
LOOMIS,LOOMIS.ST,SWE
LUC,LUC.ST,SWE
LUG,LUG.ST,SWE
LUMI,LUMI.ST,SWE
LUND B,LUND-B.ST,SWE
LUNE,LUNE.ST,SWE
MANG,MANG.ST,SWE
MCAP,MCAP.ST,SWE
MCOV B,MCOV-B.ST,SWE
MEKO,MEKO.ST,SWE
MIPS,MIPS.ST,SWE
MSON A,MSON-A.ST,SWE
MSON B,MSON-B.ST,SWE
MTG A,MTG-A.ST,SWE
MTG B,MTG-B.ST,SWE
MTRS,MTRS.ST,SWE
MYCR,MYCR.ST,SWE
NCAB,NCAB.ST,SWE
NCC A,NCC-A.ST,SWE
NCC B,NCC-B.ST,SWE
NDA SE,NDA-SE.ST,SWE
NENT A,NENT-A.ST,SWE
NENT B,NENT-B.ST,SWE
NETEL,NETEL.ST,SWE
NEWA B,NEWA-B.ST,SWE
NIBE B,NIBE-B.ST,SWE
NIVI B,NIVI-B.ST,SWE
NMAN,NMAN.ST,SWE
NOBI,NOBI.ST,SWE
NOLA B,NOLA-B.ST,SWE
NORB B,NORB-B.ST,SWE
NORVA,NORVA.ST,SWE
NOTE,NOTE.ST,SWE
NP3,NP3.ST,SWE
NP3 PREF,NP3-PREF.ST,SWE
NPAPER,NPAPER.ST,SWE
NWG,NWG.ST,SWE
NYF,NYF.ST,SWE
OEM B,OEM-B.ST,SWE
ONCO,ONCO.ST,SWE
ORES,ORES.ST,SWE
ORX,ORX.ST,SWE
OVZON,OVZON.ST,SWE
PACT,PACT.ST,SWE
PEAB B,PEAB-B.ST,SWE
PIERCE,PIERCE.ST,SWE
PLAZ B,PLAX-B.ST,SWE
PNDX B,PNDX-B.ST,SWE
PRFO,PRFO.ST,SWE
PRIC B,PRIC-B.ST,SWE
PROB,PROB.ST,SWE
QLINEA,QLINEA.ST,SWE
RATO A,RATO-A.ST,SWE
RATO B,RATO-B.ST,SWE
RAY B,RAY-B.ST,SWE
READ,READ.ST,SWE
REJL B,REJL-B.ST,SWE
RESURS,RESURS.ST,SWE
RROS,RROS.ST,SWE
RVRC,RVRC.ST,SWE
SAAB B,SAAB-B.ST,SWE
SAGA A,SAGA-A.ST,SWE
SAGA B,SAGA-B.ST,SWE
SAGA D,SAGA-D.ST,SWE
SAND,SAND.ST,SWE
SAS,SAS.ST,SWE
SAVE,SAVE.ST,SWE
SBB B,SBB-B.ST,SWE
SBB D,SBB-D.ST,SWE
SCA A,SCA-A.ST,SWE
SCA B,SCA-B.ST,SWE
SCST,SCST.ST,SWE
SDIP B,SDIP-B.ST,SWE
SDIP PREF,SDIP-PREF.ST,SWE
SEB A,SEB-A.ST,SWE
SEB C,SEB-C.ST,SWE
SECT B,SECT-B.ST,SWE
SECU B,SECU-B.ST,SWE
SF,SF.ST,SWE
SHB A,SHB-A.ST,SWE
SHB B,SHB-B.ST,SWE
SHOT,SHOT.ST,SWE
SINCH,SINCH.ST,SWE
SIVE,SIVE.ST,SWE
SKA B,SKA-B.ST,SWE
SKF A,SKF-A.ST,SWE
SKF B,SKF-B.ST,SWE
SKIS B,SKIS-B.ST,SWE
SLP B,SLP-B.ST,SWE
SOBI,SOBI.ST,SWE
SSAB A,SSAB-A.ST,SWE
SSAB B,SSAB-B.ST,SWE
STE A,STE-A.ST,SWE
STE R,STE-R.ST,SWE
STEF B,STEF-B.ST,SWE
STOR B,STOR-B.ST,SWE
SWEC A,SWEC-A.ST,SWE
SWEC B,SWEC-B.ST,SWE
SWED A,SWED-A.ST,SWE
SWMA,SWMA.ST,SWE
SVOL A,SVOL-A.ST,SWE
SVOL B,SVOL-B.ST,SWE
SYNSAM,SYNSAM.ST,SWE
SYSR,SYSR.ST,SWE
TVDOX,TVDOX.ST,SWE
TEL2 A,TEL2-A.ST,SWE
TEL2 B,TEL2-B.ST,SWE
TELIA,TELIA.ST,SWE
TETY,TETY.ST,SWE
TFBANK,TFBANK.ST,SWE
THULE,THULE.ST,SWE
TIETOS,TIETOS.ST,SWE
TIGO SDB,TIGO-SDB.ST,SWE
TOBII,TOBII.ST,SWE
TRAC B,TRAC-B.ST,SWE
TREL B,TREL-B.ST,SWE
TRIAN B,TRIAN-B.ST,SWE
TROAX,TROAX.ST,SWE
TRUE B,TRUE-B.ST,SWE
WALL B,WALL-B.ST,SWE
VBG B,VBG-B.ST,SWE
WBGR B,WBGR-B.ST,SWE
WIHL,WIHL.ST,SWE
VIT B,VIT-B.ST,SWE
VITR,VITR.ST,SWE
VIVE,VIVE.ST,SWE
VNE SDB,VNE-SDB.ST,SWE
VNV,VNV.ST,SWE
VOLCAR B,VOLCAR-B.ST,SWE
VOLO,VOLO.ST,SWE
VOLO PREF,VOLO-PREF.ST,SWE
VOLV A,VOLV-A.ST,SWE
VOLV B,VOLV-B.ST,SWE
XANO B,XANO-B.ST,SWE
XBRANE,XBRANE.ST,SWE
XSPRAY,XSPRAY.ST,SWE
XVIVO,XVIVO.ST,SWE
